dose	dose_unit	IRS_per_vol	adp	atp	atp_adp	atp_ratio	dhap	f26bp	f6p	fbp	fbp_dhap_grap	g6p	glc	grap	lac	nad	nadh	nadh_nad	nadh_ratio	pep	pg2	pg3	phos	pyr	unit	measurement	species	study	experiment
1.0	mM 	0.002081364782439125																							mM/min 	rate	human	Alcazar2019_Ess2	Experiment0
5.0	mM 	0.0030724908693148985																							mM/min 	rate	human	Alcazar2019_Ess2	Experiment0
7.0	mM 	0.007334333042882412																							mM/min 	rate	human	Alcazar2019_Ess2	Experiment0
9.0	mM 	0.009217472607946383																							mM/min 	rate	human	Alcazar2019_Ess2	Experiment0
11.0	mM 	0.013776652607576628																							mM/min 	rate	human	Alcazar2019_Ess2	Experiment0
16.7	mM 	0.016155355216079328																							mM/min 	rate	human	Alcazar2019_Ess2	Experiment0
30.0	mM 	0.017443819129017834																							mM/min 	rate	human	Alcazar2019_Ess2	Experiment0
																													
1.0	mM 	0.0010087683580836018																							mM/min 	rate	mouse	Alcazar2019_Ess3	Experiment1
5.0	mM 	0.0013870564923651038																							mM/min 	rate	mouse	Alcazar2019_Ess3	Experiment1
7.0	mM 	0.002395824850449109																							mM/min 	rate	mouse	Alcazar2019_Ess3	Experiment1
9.0	mM 	0.003404593208533115																							mM/min 	rate	mouse	Alcazar2019_Ess3	Experiment1
11.0	mM 	0.008700627088473337																							mM/min 	rate	mouse	Alcazar2019_Ess3	Experiment1
16.7	mM 	0.014753237236976564																							mM/min 	rate	mouse	Alcazar2019_Ess3	Experiment1
30.0	mM 	0.023706056414971307																							mM/min 	rate	mouse	Alcazar2019_Ess3	Experiment1
																													
0.0	mM 	0.0																							mM/min	rate	rat	Ammon1998_Ess8	Experiment2
2.8	mM 	0.006523160974148505																							mM/min	rate	rat	Ammon1998_Ess8	Experiment2
8.3	mM 	0.011844013847179353																							mM/min	rate	rat	Ammon1998_Ess8	Experiment2
11.1	mM 	0.013097483995153099																							mM/min	rate	rat	Ammon1998_Ess8	Experiment2
16.7	mM 	0.01238121533916807																							mM/min	rate	rat	Ammon1998_Ess8	Experiment2
28.0	mM 	0.011460298495758905																							mM/min	rate	rat	Ammon1998_Ess8	Experiment2
																													
2.8	mM 	0.0020691040575734577																							mM/min	rate	rat	Ammon1998_Ess9	Experiment3
8.3	mM 	0.0065093356019600805																							mM/min	rate	rat	Ammon1998_Ess9	Experiment3
11.1	mM 	0.01192797691671472																							mM/min	rate	rat	Ammon1998_Ess9	Experiment3
16.7	mM 	0.01617335463578539																							mM/min	rate	rat	Ammon1998_Ess9	Experiment3
28.0	mM 	0.018314798176007736																							mM/min	rate	rat	Ammon1998_Ess9	Experiment3
																													
0.0	mM 	0.00041393366136129495																							mM/min 	rate	mouse	Ashcroft1973_Ess24	Experiment4
5.0	mM 	0.0025225032226862355																							mM/min 	rate	mouse	Ashcroft1973_Ess24	Experiment4
20.0	mM 	0.019693760100008676																							mM/min 	rate	mouse	Ashcroft1973_Ess24	Experiment4
																													
0.0	mM 	0.0014884635558842414																							mM/min	rate	mouse	Detimary1996_Ess29	Experiment5
3.0	mM 	0.0014758565805379409																							mM/min	rate	mouse	Detimary1996_Ess29	Experiment5
6.0	mM 	0.0016384265292890597																							mM/min	rate	mouse	Detimary1996_Ess29	Experiment5
10.0	mM 	0.0049604245662500735																							mM/min	rate	mouse	Detimary1996_Ess29	Experiment5
15.0	mM 	0.013550937633637822																							mM/min	rate	mouse	Detimary1996_Ess29	Experiment5
20.0	mM 	0.021175876455932503																							mM/min	rate	mouse	Detimary1996_Ess29	Experiment5
																													
0.0	mM 	0.005632042846715493																							mM/min	rate	mouse	Detimary1996_Ess34	Experiment6
3.0	mM 	0.005970734835164704																							mM/min	rate	mouse	Detimary1996_Ess34	Experiment6
6.0	mM 	0.006580878986228289																							mM/min	rate	mouse	Detimary1996_Ess34	Experiment6
10.0	mM 	0.009985990005966764																							mM/min	rate	mouse	Detimary1996_Ess34	Experiment6
15.0	mM 	0.013543637063471156																							mM/min	rate	mouse	Detimary1996_Ess34	Experiment6
20.0	mM 	0.014379486040734253																							mM/min	rate	mouse	Detimary1996_Ess34	Experiment6
																													
2.0	mM 	0.002246031398504815																							mM/min	rate	rat	Ewart1983_Ess49	Experiment7
20.0	mM 	0.018249005112851623																							mM/min	rate	rat	Ewart1983_Ess49	Experiment7
																													
1.0	mM 	0.000772897917305089																							mM/min 	rate	cell line	Guay2013_Ess55	Experiment8
5.0	mM 	0.004895020142931876																							mM/min 	rate	cell line	Guay2013_Ess55	Experiment8
10.0	mM 	0.010906448388638329																							mM/min 	rate	cell line	Guay2013_Ess55	Experiment8
																													
3.0	mM 	0.0043372391722085795																							mM/min	rate	rat	Hedeskov1987_Ess69	Experiment9
7.0	mM 	0.008633171304681839																							mM/min	rate	rat	Hedeskov1987_Ess69	Experiment9
20.0	mM 	0.016027131417304087																							mM/min	rate	rat	Hedeskov1987_Ess69	Experiment9
																													
1.0	mM 	0.0022879368404658995																							mM/min 	rate	mouse	Johnson2007_Ess77	Experiment10
3.0	mM 	0.003454336014036757																							mM/min 	rate	mouse	Johnson2007_Ess77	Experiment10
5.0	mM 	0.002826274920575553																							mM/min 	rate	mouse	Johnson2007_Ess77	Experiment10
10.0	mM 	0.009869531468676548																							mM/min 	rate	mouse	Johnson2007_Ess77	Experiment10
20.0	mM 	0.018348356230403207																							mM/min 	rate	mouse	Johnson2007_Ess77	Experiment10
																													
3.0	mM 	0.0014122894422895246																							mM/min 	rate	human	Johnson2007_Ess78	Experiment11
5.0	mM 	0.0025810807048739586																							mM/min 	rate	human	Johnson2007_Ess78	Experiment11
8.0	mM 	0.003214175972107223																							mM/min 	rate	human	Johnson2007_Ess78	Experiment11
10.0	mM 	0.010275623183554931																							mM/min 	rate	human	Johnson2007_Ess78	Experiment11
20.0	mM 	0.018700660201351176																							mM/min 	rate	human	Johnson2007_Ess78	Experiment11
																													
1.0	mM 	0.0031974883086472524																							mM/min 	rate	rat	Johnson2007_Ess79	Experiment12
2.0	mM 	0.0034127038678831243																							mM/min 	rate	rat	Johnson2007_Ess79	Experiment12
3.0	mM 	0.0035664292673373153																							mM/min 	rate	rat	Johnson2007_Ess79	Experiment12
5.0	mM 	0.0044580365841716384																							mM/min 	rate	rat	Johnson2007_Ess79	Experiment12
8.0	mM 	0.007962975691727237																							mM/min 	rate	rat	Johnson2007_Ess79	Experiment12
11.0	mM 	0.011836855757972947																							mM/min 	rate	rat	Johnson2007_Ess79	Experiment12
15.0	mM 	0.01454242278836682																							mM/min 	rate	rat	Johnson2007_Ess79	Experiment12
20.0	mM 	0.015679990744327823																							mM/min 	rate	rat	Johnson2007_Ess79	Experiment12
																													
0.8	mM 	0.010379753665239848																							mM/min 	rate	cell line	Johnson2007_Ess80	Experiment13
1.0	mM 	0.003942277695409914																							mM/min 	rate	cell line	Johnson2007_Ess80	Experiment13
2.0	mM 	0.0042235091352282325																							mM/min 	rate	cell line	Johnson2007_Ess80	Experiment13
2.8	mM 	0.00457389788620931																							mM/min 	rate	cell line	Johnson2007_Ess80	Experiment13
5.0	mM 	0.005415104532600885																							mM/min 	rate	cell line	Johnson2007_Ess80	Experiment13
8.0	mM 	0.008002284518544768																							mM/min 	rate	cell line	Johnson2007_Ess80	Experiment13
15.0	mM 	0.014155419457228797																							mM/min 	rate	cell line	Johnson2007_Ess80	Experiment13
20.0	mM 	0.016536620113525215																							mM/min 	rate	cell line	Johnson2007_Ess80	Experiment13
40.0	mM 	0.01999174923129192																							mM/min 	rate	cell line	Johnson2007_Ess80	Experiment13
																													
1.0	mM 	0.0010835071028385387																							mM/min	rate	cell line	Lamontagne2009_Ess81	Experiment14
3.0	mM 	0.001045767770282651																							mM/min	rate	cell line	Lamontagne2009_Ess81	Experiment14
4.0	mM 	0.0017367064152999895																							mM/min	rate	cell line	Lamontagne2009_Ess81	Experiment14
5.0	mM 	0.004783409114867427																							mM/min	rate	cell line	Lamontagne2009_Ess81	Experiment14
6.0	mM 	0.006803240303477198																							mM/min	rate	cell line	Lamontagne2009_Ess81	Experiment14
8.0	mM 	0.009211930219865955																							mM/min	rate	cell line	Lamontagne2009_Ess81	Experiment14
10.0	mM 	0.00959707921760085																							mM/min	rate	cell line	Lamontagne2009_Ess81	Experiment14
																													
1.0	mM 	0.0010647020907160827																							mM/min	rate	cell line	Lamontagne2009_Ess84	Experiment15
6.0	mM 	0.007959915630591556																							mM/min	rate	cell line	Lamontagne2009_Ess84	Experiment15
10.0	mM 	0.010748421106275526																							mM/min	rate	cell line	Lamontagne2009_Ess84	Experiment15
16.0	mM 	0.011762423097434367																							mM/min	rate	cell line	Lamontagne2009_Ess84	Experiment15
																													
1.0	mM 	0.0005883609382861393																							mM/min	rate	cell line	Lamontagne2009_Ess85	Experiment16
6.0	mM 	0.009321494926919173																							mM/min	rate	cell line	Lamontagne2009_Ess85	Experiment16
10.0	mM 	0.010196346327211928																							mM/min	rate	cell line	Lamontagne2009_Ess85	Experiment16
16.0	mM 	0.010060338749986011																							mM/min	rate	cell line	Lamontagne2009_Ess85	Experiment16
																													
2.8	mM 	0.005306739315179689																							mM/min 	rate	rat	Liu1998_Ess89	Experiment17
16.7	mM 	0.01395903167688586																							mM/min 	rate	rat	Liu1998_Ess89	Experiment17
																													
2.8	mM 	0.010661474694416738																							mM/min 	rate	rat	Liu2004_Ess111	Experiment18
8.3	mM 	0.006853805160696395																							mM/min 	rate	rat	Liu2004_Ess111	Experiment18
27.7	mM 	0.01941911462197339																							mM/min 	rate	rat	Liu2004_Ess111	Experiment18
																													
5.5	mM 	0.007272669487239822																							mM/min 	rate	rat	Liu2004_Ess112	Experiment19
8.3	mM 	0.011328581316662019																							mM/min 	rate	rat	Liu2004_Ess112	Experiment19
16.7	mM 	0.009650272973452811																							mM/min 	rate	rat	Liu2004_Ess112	Experiment19
																													
2.8	mM 	0.007543469160741756																							mM/min	rate	rat	Liu2004_Ess113	Experiment20
8.3	mM 	0.004281428442583153																							mM/min	rate	rat	Liu2004_Ess113	Experiment20
27.7	mM 	0.024737142112702747																							mM/min	rate	rat	Liu2004_Ess113	Experiment20
																													
5.5	mM 	0.0024235031841993064																							mM/min	rate	rat	Liu2004_Ess114	Experiment21
8.3	mM 	0.012756681595950227																							mM/min	rate	rat	Liu2004_Ess114	Experiment21
16.7	mM 	0.002077288443599409																							mM/min	rate	rat	Liu2004_Ess114	Experiment21
																													
0.0	mM 	0.0019728798685444892																							mM/min 	rate	rat	Meglasson1986_Ess159	Experiment22
5.5	mM 	0.002499275376309356																							mM/min 	rate	rat	Meglasson1986_Ess159	Experiment22
10.0	mM 	0.010132472079373607																							mM/min 	rate	rat	Meglasson1986_Ess159	Experiment22
16.7	mM 	0.016292295043020124																							mM/min 	rate	rat	Meglasson1986_Ess159	Experiment22
																													
0.0	mM 	0.001986961197224177																							mM/min 	rate	rat	Sener1978_Ess174	Experiment23
11.0	mM 	0.011335581211633559																							mM/min 	rate	rat	Sener1978_Ess174	Experiment23
16.7	mM 	0.01592236118686322																							mM/min 	rate	rat	Sener1978_Ess174	Experiment23
27.8	mM 	0.015496499583483122																							mM/min 	rate	rat	Sener1978_Ess174	Experiment23
																													
2.8	mM 	0.000554499537755153																							mM/min	rate	rat	Spegel2015_Ess177	Experiment24
5.6	mM 	0.002226231887117706																							mM/min	rate	rat	Spegel2015_Ess177	Experiment24
8.2	mM 	0.009698678636227186																							mM/min	rate	rat	Spegel2015_Ess177	Experiment24
13.9	mM 	0.014416893341001045																							mM/min	rate	rat	Spegel2015_Ess177	Experiment24
19.4	mM 	0.01638551339303285																							mM/min	rate	rat	Spegel2015_Ess177	Experiment24
28.0	mM 	0.016760195705709503																							mM/min	rate	rat	Spegel2015_Ess177	Experiment24
																													
2.8	mM 	0.003008598067699676																							Mm/min	rate	cell line	Spegel2015_Ess178	Experiment25
5.6	mM 	0.010196740571047722																							Mm/min	rate	cell line	Spegel2015_Ess178	Experiment25
8.2	mM 	0.011609406303749903																							Mm/min	rate	cell line	Spegel2015_Ess178	Experiment25
13.9	mM 	0.015270956112085208																							Mm/min	rate	cell line	Spegel2015_Ess178	Experiment25
16.8	mM 	0.012732730862284191																							Mm/min	rate	cell line	Spegel2015_Ess178	Experiment25
19.4	mM 	0.010193989852814405																							Mm/min	rate	cell line	Spegel2015_Ess178	Experiment25
28.0	mM 	0.009911353554340233																							Mm/min	rate	cell line	Spegel2015_Ess178	Experiment25
																													
2.8	mM 	0.004277975286101847																							mM/min	rate	cell line	Xu2008a_Ess186	Experiment26
5.5	mM 	0.007597243856090375																							mM/min	rate	cell line	Xu2008a_Ess186	Experiment26
16.7	mM 	0.013398596936074772																							mM/min	rate	cell line	Xu2008a_Ess186	Experiment26
																													
2.8	mM 	0.006344767686657133																							mM/min	rate	cell line	Xu2008b_Ess189	Experiment27
16.7	mM 	0.012910864478664711																							mM/min	rate	cell line	Xu2008b_Ess189	Experiment27
																													
3.0	mM 	0.00698978097315608																							mM/min	rate	cell line	Xu2008b_Ess190	Experiment28
30.0	mM 	0.02008175168478213																							mM/min	rate	cell line	Xu2008b_Ess190	Experiment28
																													
3.0	mM 	0.0028299903218261405																							mM/min 	rate	human	Alcazar2019_Etc0	Experiment29
5.0	mM 	0.006059046651878156																							mM/min 	rate	human	Alcazar2019_Etc0	Experiment29
																													
3.0	mM 	0.0014878143597180174																							mM/min 	rate	human	Alcazar2019_Etc1	Experiment30
7.0	mM 	0.008284257691499028																							mM/min 	rate	human	Alcazar2019_Etc1	Experiment30
																													
3.0	mM 	0.0025661295969396656																							mM/min 	rate	human	Alcazar2019_Etc2	Experiment31
9.0	mM 	0.009726465860093413																							mM/min 	rate	human	Alcazar2019_Etc2	Experiment31
																													
3.0	mM 	0.0023092009969229864																							mM/min 	rate	human	Alcazar2019_Etc3	Experiment32
11.0	mM 	0.011853962648841775																							mM/min 	rate	human	Alcazar2019_Etc3	Experiment32
																													
3.0	mM 	0.002534601094395867																							mM/min 	rate	human	Alcazar2019_Etc4	Experiment33
16.7	mM 	0.016019078803293653																							mM/min 	rate	human	Alcazar2019_Etc4	Experiment33
																													
3.0	mM 	0.004071107166158261																							mM/min 	rate	human	Alcazar2019_Etc5	Experiment34
30.0	mM 	0.022899155454365723																							mM/min 	rate	human	Alcazar2019_Etc5	Experiment34
																													
3.0	mM 	0.0049269985446726335																							mM/min 	rate	mouse	Alcazar2019_Etc6	Experiment35
5.0	mM 	0.004346118446546345																							mM/min 	rate	mouse	Alcazar2019_Etc6	Experiment35
																													
3.0	mM 	0.005932217668522574																							mM/min 	rate	mouse	Alcazar2019_Etc7	Experiment36
7.0	mM 	0.005332338708331612																							mM/min 	rate	mouse	Alcazar2019_Etc7	Experiment36
																													
3.0	mM 	0.004904598551530762																							mM/min 	rate	mouse	Alcazar2019_Etc8	Experiment37
9.0	mM 	0.008570564041263738																							mM/min 	rate	mouse	Alcazar2019_Etc8	Experiment37
																													
3.0	mM 	0.002274682368374228																							mM/min 	rate	mouse	Alcazar2019_Etc9	Experiment38
11.0	mM 	0.01187009483551836																							mM/min 	rate	mouse	Alcazar2019_Etc9	Experiment38
																													
3.0	mM 	0.0013635246732952438																							mM/min 	rate	mouse	Alcazar2019_Etc10	Experiment39
16.7	mM 	0.016547781659606218																							mM/min 	rate	mouse	Alcazar2019_Etc10	Experiment39
																													
3.0	mM 	0.0018601789492776277																							mM/min 	rate	mouse	Alcazar2019_Etc11	Experiment40
30.0	mM 	0.024282663508669745																							mM/min 	rate	mouse	Alcazar2019_Etc11	Experiment40
																													
10.0	mM 	0.010208103103141462																							mM/min 	rate	cell line	Brun1996_Etc23	Experiment41
																													
0.0	mM 	0.002031774675383316																							mM/min	rate	cell line	Corkey1989_Etc24	Experiment42
																													
10.0	mM 	0.01020810310314146																							mM/min	rate	cell line	Corkey1989_Etc25	Experiment43
																													
2.8	mM 	0.004016209239761874																							mM/min	rate	cell line	Huang2014_Etc42	Experiment44
																													
2.8	mM 	0.0028965152616034005																							mM/min	rate	cell line	Huang2014_Etc43	Experiment45
16.7	mM 	0.015750085929951158																							mM/min	rate	cell line	Huang2014_Etc43	Experiment45
																													
2.8	mM 	0.0020844605989494515																							dimensionless	fold change	cell line	Spegel2013_Etc62	Experiment46
16.7	mM 	0.016179225206769912																							dimensionless	fold change	cell line	Spegel2013_Etc62	Experiment46
																													
2.8	mM 	0.004903160972236926																							mM/min	rate	rat	Spegel2015_Etc63	Experiment47
16.7	mM 	0.01431723003893206																							mM/min	rate	rat	Spegel2015_Etc63	Experiment47
																													
2.8	mM 	0.010238152183411836																							mM/min	rate	cell line	Spegel2015_Etc64	Experiment48
16.7	mM 	0.004975550593807619																							mM/min	rate	cell line	Spegel2015_Etc64	Experiment48
																													
4.0	mM 	0.0046703759636735585																							pmol/min	rate	rat	Trus1979_Etc97	Experiment49
																													
4.0	mM 	0.0043907766866108																							pmol/min	rate	rat	Trus1979_Etc98	Experiment50
16.0	mM 	0.014972002077909418																							pmol/min	rate	rat	Trus1979_Etc98	Experiment50
																													
2.4	mM 	0.00290015867136446																							mM/min	rate	rat	Trus1980_Etc103	Experiment51
																													
2.4	mM 	0.0009516311995033524																							mM/min	rate	rat	Trus1980_Etc104	Experiment52
14.5	mM 	0.015139587264826112																							mM/min	rate	rat	Trus1980_Etc104	Experiment52
																													
2.4	mM 	0.0029001586713644596																							mM/min	rate	rat	Trus1980_Etc119	Experiment53
																													
2.4	mM 	0.0013370335083058666																							mM/min	rate	rat	Trus1980_Etc120	Experiment54
8.6	mM 	0.009563759779867606																							mM/min	rate	rat	Trus1980_Etc120	Experiment54
																													
0.0	mM 		1.4014343236913558																						mM 	concentration	mouse	Detimary1996_Ess30	Experiment55
3.0	mM 		1.3189970105330409																						mM 	concentration	mouse	Detimary1996_Ess30	Experiment55
6.0	mM 		0.9517762519187283																						mM 	concentration	mouse	Detimary1996_Ess30	Experiment55
10.0	mM 		0.8880746917509394																						mM 	concentration	mouse	Detimary1996_Ess30	Experiment55
15.0	mM 		0.7456829690229406																						mM 	concentration	mouse	Detimary1996_Ess30	Experiment55
20.0	mM 		0.6407627522759942																						mM 	concentration	mouse	Detimary1996_Ess30	Experiment55
																													
0.0	mM 		1.243102061605514																						mM 	concentration	mouse	Detimary1996_Ess35	Experiment56
3.0	mM 		1.1311105552755145																						mM 	concentration	mouse	Detimary1996_Ess35	Experiment56
6.0	mM 		1.2094058259537903																						mM 	concentration	mouse	Detimary1996_Ess35	Experiment56
10.0	mM 		1.0109236561268518																						mM 	concentration	mouse	Detimary1996_Ess35	Experiment56
15.0	mM 		0.8103194649450767																						mM 	concentration	mouse	Detimary1996_Ess35	Experiment56
20.0	mM 		0.6308257275863697																						mM 	concentration	mouse	Detimary1996_Ess35	Experiment56
																													
1.0	mM 		1.4823064200977811																						mM 	concentration	rat	Detimary1998_Ess39	Experiment57
10.0	mM 		0.6986921873016178																						mM 	concentration	rat	Detimary1998_Ess39	Experiment57
20.0	mM 		0.6775743046355335																						mM 	concentration	rat	Detimary1998_Ess39	Experiment57
																													
1.0	mM 		1.4369173019877575																						mM 	concentration	rat	Detimary1998_Ess44	Experiment58
5.0	mM 		1.1284056935966693																						mM 	concentration	rat	Detimary1998_Ess44	Experiment58
10.0	mM 		0.7281773396175939																						mM 	concentration	rat	Detimary1998_Ess44	Experiment58
20.0	mM 		0.7411716262980232																						mM 	concentration	rat	Detimary1998_Ess44	Experiment58
																													
1.0	mM 		0.88180679922189																						mM 	concentration	cell line	Guay2013_Ess57	Experiment59
10.0	mM 		1.3155410378635515																						mM 	concentration	cell line	Guay2013_Ess57	Experiment59
																													
1.0	mM 		0.9883992038924756																						mM 	concentration	cell line	Guay2013_Ess63	Experiment60
10.0	mM 		1.2458279354528954																						mM 	concentration	cell line	Guay2013_Ess63	Experiment60
																													
0.0	mM 		1.3854508207123608																						mM 	concentration	rat	Malaisse1977_Ess119	Experiment61
11.1	mM 		0.7932823247627225																						mM 	concentration	rat	Malaisse1977_Ess119	Experiment61
27.8	mM 		0.7672120136202858																						mM 	concentration	rat	Malaisse1977_Ess119	Experiment61
																													
0.0	mM 		1.2177322311406447																						mM 	concentration	rat	Malaisse1987_Ess130	Experiment62
16.7	mM 		0.8608107151166625																						mM 	concentration	rat	Malaisse1987_Ess130	Experiment62
																													
1.0	mM 		1.273442853054257																						mM 	concentration	mouse	Detimary1996_Etc26	Experiment63
																													
1.0	mM 		1.319489481808396																						mM 	concentration	mouse	Detimary1996_Etc27	Experiment64
10.0	mM 		0.8969757894707993																						mM 	concentration	mouse	Detimary1996_Etc27	Experiment64
																													
1.0	mM 		1.337108882542822																						mM 	concentration	mouse	Detimary1996_Etc34	Experiment65
10.0	mM 		0.8696111558835957																						mM 	concentration	mouse	Detimary1996_Etc34	Experiment65
																													
10.0	mM 		0.969070963629224																						mM 	concentration	mouse	Detimary1996_Etc35	Experiment66
																													
2.4	mM 		1.217756242113766																						mM 	concentration	rat	Trus1980_Etc105	Experiment67
																													
2.4	mM 		1.1369920430049887																						mM 	concentration	rat	Trus1980_Etc106	Experiment68
14.5	mM 		0.9193827657751626																						mM 	concentration	rat	Trus1980_Etc106	Experiment68
																													
2.4	mM 		1.217756242113766																						mM 	concentration	rat	Trus1980_Etc121	Experiment69
																													
2.4	mM 		1.158408869605871																						mM 	concentration	rat	Trus1980_Etc122	Experiment70
8.6	mM 		1.0955832355374795																						mM 	concentration	rat	Trus1980_Etc122	Experiment70
																													
0.0	mM 			2.597273042024757																					mM 	concentration	mouse	Ashcroft1973_Ess23	Experiment71
0.343983699226288	mM 			3.6033977898055243																					mM 	concentration	mouse	Ashcroft1973_Ess23	Experiment71
0.650377871771558	mM 			3.5268941825863234																					mM 	concentration	mouse	Ashcroft1973_Ess23	Experiment71
1.06875002246028	mM 			3.478444098290472																					mM 	concentration	mouse	Ashcroft1973_Ess23	Experiment71
2.00597263798698	mM 			3.6330751166439628																					mM 	concentration	mouse	Ashcroft1973_Ess23	Experiment71
2.80390557338402	mM 			4.290412064125984																					mM 	concentration	mouse	Ashcroft1973_Ess23	Experiment71
3.89263626203421	mM 			3.7048921353277326																					mM 	concentration	mouse	Ashcroft1973_Ess23	Experiment71
5.19576381127613	mM 			4.830689911485033																					mM 	concentration	mouse	Ashcroft1973_Ess23	Experiment71
9.89948574940075	mM 			5.261644830219028																					mM 	concentration	mouse	Ashcroft1973_Ess23	Experiment71
20.0860318612565	mM 			5.677391439114106																					mM 	concentration	mouse	Ashcroft1973_Ess23	Experiment71
																													
0.0	mM 			2.8095197786861865																					mM 	concentration	mouse	Detimary1996_Ess31	Experiment72
3.0	mM 			4.212832953416156																					mM 	concentration	mouse	Detimary1996_Ess31	Experiment72
6.0	mM 			5.101115725874095																					mM 	concentration	mouse	Detimary1996_Ess31	Experiment72
10.0	mM 			5.607465840467383																					mM 	concentration	mouse	Detimary1996_Ess31	Experiment72
15.0	mM 			5.248680616412711																					mM 	concentration	mouse	Detimary1996_Ess31	Experiment72
20.0	mM 			5.4627943791550155																					mM 	concentration	mouse	Detimary1996_Ess31	Experiment72
																													
0.0	mM 			2.4843876707221777																					mM 	concentration	mouse	Detimary1996_Ess36	Experiment73
3.0	mM 			3.4930397886853632																					mM 	concentration	mouse	Detimary1996_Ess36	Experiment73
6.0	mM 			4.581089778254651																					mM 	concentration	mouse	Detimary1996_Ess36	Experiment73
10.0	mM 			5.873246913048455																					mM 	concentration	mouse	Detimary1996_Ess36	Experiment73
15.0	mM 			5.897014129367473																					mM 	concentration	mouse	Detimary1996_Ess36	Experiment73
20.0	mM 			6.126590069908464																					mM 	concentration	mouse	Detimary1996_Ess36	Experiment73
																													
1.0	mM 			2.8207279204420703																					mM 	concentration	rat	Detimary1998_Ess40	Experiment74
10.0	mM 			5.855276679736265																					mM 	concentration	rat	Detimary1998_Ess40	Experiment74
20.0	mM 			5.880883965826337																					mM 	concentration	rat	Detimary1998_Ess40	Experiment74
																													
1.0	mM 			2.2977000264968366																					mM 	concentration	rat	Detimary1998_Ess45	Experiment75
5.0	mM 			4.882612556305783																					mM 	concentration	rat	Detimary1998_Ess45	Experiment75
10.0	mM 			5.722156796756555																					mM 	concentration	rat	Detimary1998_Ess45	Experiment75
20.0	mM 			5.611690449328827																					mM 	concentration	rat	Detimary1998_Ess45	Experiment75
																													
1.0	mM 			2.605426633428504																					mM 	concentration	cell line	Guay2013_Ess58	Experiment76
10.0	mM 			6.378284816066318																					mM 	concentration	cell line	Guay2013_Ess58	Experiment76
																													
1.0	mM 			2.1800981142195703																					mM 	concentration	cell line	Guay2013_Ess64	Experiment77
10.0	mM 			6.689972720649905																					mM 	concentration	cell line	Guay2013_Ess64	Experiment77
																													
1.0	mM 			3.664623641377009																					dimensionless	fold change	cell line	Lamontagne2009_Ess83	Experiment78
6.0	mM 			4.785071789200318																					dimensionless	fold change	cell line	Lamontagne2009_Ess83	Experiment78
10.0	mM 			4.793496211364394																					dimensionless	fold change	cell line	Lamontagne2009_Ess83	Experiment78
																													
0.0	mM 			3.824498221426613																					mM 	concentration	rat	Malaisse1977_Ess121	Experiment79
11.1	mM 			5.2732558931136175																					mM 	concentration	rat	Malaisse1977_Ess121	Experiment79
27.8	mM 			5.4120257850376605																					mM 	concentration	rat	Malaisse1977_Ess121	Experiment79
																													
0.0	mM 			4.148301439160894																					mM 	concentration	rat	Malaisse1987_Ess131	Experiment80
16.7	mM 			5.221138018254229																					mM 	concentration	rat	Malaisse1987_Ess131	Experiment80
																													
16.0	mM 			5.776037492963758																					mM 	concentration	mouse	Matschinsky1968_Ess148	Experiment81
																													
4.1	mM 			4.4101083998674255																					mM 	concentration	mouse	Matschinsky1968_Ess152	Experiment82
6.1	mM 			4.98921354328436																					mM 	concentration	mouse	Matschinsky1968_Ess152	Experiment82
10.8	mM 			6.147423830118229																					mM 	concentration	mouse	Matschinsky1968_Ess152	Experiment82
16.1	mM 			5.5237721372076845																					mM 	concentration	mouse	Matschinsky1968_Ess152	Experiment82
18.1	mM 			4.766480795816308																					mM 	concentration	mouse	Matschinsky1968_Ess152	Experiment82
22.8	mM 			4.677387696829087																					mM 	concentration	mouse	Matschinsky1968_Ess152	Experiment82
26.0	mM 			5.167399741258801																					mM 	concentration	mouse	Matschinsky1968_Ess152	Experiment82
																													
20.0	mM 			5.607062382016871																					mM 	concentration	rat	Matschinsky1976_Ess154	Experiment83
																													
2.8	mM 			2.739839863492612																					mM	concentration	rat	Spegel2015_Ess183	Experiment84
16.7	mM 			7.148491280203427																					mM	concentration	rat	Spegel2015_Ess183	Experiment84
																													
2.8	mM 			3.797536016929503																					mM	concentration	cell line	Spegel2015_Ess184	Experiment85
16.7	mM 			6.352117207341387																					mM	concentration	cell line	Spegel2015_Ess184	Experiment85
																													
0.0	mM 			3.2185253634247726																					mM 	concentration	mouse	Ashcroft1973_Etc16	Experiment86
																													
3.3	mM 			4.019527137387503																					mM 	concentration	mouse	Ashcroft1973_Etc17	Experiment87
																													
16.7	mM 			5.80149904129329																					mM 	concentration	mouse	Ashcroft1973_Etc18	Experiment88
																													
1.0	mM 			3.242103150602176																					mM 	concentration	mouse	Detimary1996_Etc28	Experiment89
																													
1.0	mM 			3.7472481292657873																					mM 	concentration	mouse	Detimary1996_Etc29	Experiment90
10.0	mM 			5.153494135347243																					mM 	concentration	mouse	Detimary1996_Etc29	Experiment90
																													
1.0	mM 			3.315395289957318																					mM 	concentration	mouse	Detimary1996_Etc36	Experiment91
10.0	mM 			5.693488996245346																					mM 	concentration	mouse	Detimary1996_Etc36	Experiment91
																													
10.0	mM 			5.534263935277087																					mM 	concentration	mouse	Detimary1996_Etc37	Experiment92
																													
2.8	mM 			3.9148757841754667																					mM 	concentration	rat	Taniguchi2000_Etc73	Experiment93
																													
2.8	mM 			4.7015244028394125																					mM 	concentration	rat	Taniguchi2000_Etc74	Experiment94
20.0	mM 			5.414488046188452																					mM 	concentration	rat	Taniguchi2000_Etc74	Experiment94
																													
2.4	mM 			3.817129389767745																					mM 	concentration	rat	Trus1980_Etc107	Experiment95
																													
2.4	mM 			4.529229931234088																					mM 	concentration	rat	Trus1980_Etc108	Experiment96
14.5	mM 			4.969011298522066																					mM 	concentration	rat	Trus1980_Etc108	Experiment96
																													
2.4	mM 			3.817129389767745																					mM 	concentration	rat	Trus1980_Etc123	Experiment97
																													
2.4	mM 			4.328709937073194																					mM 	concentration	rat	Trus1980_Etc124	Experiment98
8.6	mM 			4.32783288273969																					mM 	concentration	rat	Trus1980_Etc124	Experiment98
																													
0.0	mM 				4.1579117028432835																				mM	concentration	mouse	Detimary1996_Ess32	Experiment99
3.0	mM 				5.589222571554391																				mM	concentration	mouse	Detimary1996_Ess32	Experiment99
6.0	mM 				6.235321862182084																				mM	concentration	mouse	Detimary1996_Ess32	Experiment99
10.0	mM 				6.723760560359956																				mM	concentration	mouse	Detimary1996_Ess32	Experiment99
15.0	mM 				6.222956325519352																				mM	concentration	mouse	Detimary1996_Ess32	Experiment99
20.0	mM 				6.365159997140759																				mM	concentration	mouse	Detimary1996_Ess32	Experiment99
																													
0.0	mM 				3.592070420780206																				mM	concentration	mouse	Detimary1996_Ess37	Experiment100
3.0	mM 				4.564122184205959																				mM	concentration	mouse	Detimary1996_Ess37	Experiment100
6.0	mM 				5.769701802939298																				mM	concentration	mouse	Detimary1996_Ess37	Experiment100
10.0	mM 				6.971588369352458																				mM	concentration	mouse	Detimary1996_Ess37	Experiment100
15.0	mM 				6.838378818085462																				mM	concentration	mouse	Detimary1996_Ess37	Experiment100
20.0	mM 				6.938177786643535																				mM	concentration	mouse	Detimary1996_Ess37	Experiment100
																													
1.0	mM 				4.024948572422208																				mM 	concentration	rat	Detimary1998_Ess41	Experiment101
10.0	mM 				6.803910380040908																				mM 	concentration	rat	Detimary1998_Ess41	Experiment101
20.0	mM 				6.817900680262192																				mM 	concentration	rat	Detimary1998_Ess41	Experiment101
																													
1.0	mM 				3.52423162197609																				mM 	concentration	rat	Detimary1998_Ess46	Experiment102
5.0	mM 				6.085271998507702																				mM 	concentration	rat	Detimary1998_Ess46	Experiment102
10.0	mM 				6.698285833208966																				mM 	concentration	rat	Detimary1998_Ess46	Experiment102
20.0	mM 				6.588701139212375																				mM 	concentration	rat	Detimary1998_Ess46	Experiment102
																													
0.0	mM 				5.568597592825665																				mM 	concentration	rat	Malaisse1977_Ess122	Experiment103
11.1	mM 				6.103938737470545																				mM 	concentration	rat	Malaisse1977_Ess122	Experiment103
27.8	mM 				6.198410704172583																				mM 	concentration	rat	Malaisse1977_Ess122	Experiment103
																													
0.0	mM 				5.647086751835573																				mM 	concentration	rat	Malaisse1987_Ess132	Experiment104
16.7	mM 				6.068995532145129																				mM 	concentration	rat	Malaisse1987_Ess132	Experiment104
																													
1.0	mM 				4.674171372491492																				mM 	concentration	mouse	Detimary1996_Etc30	Experiment105
																													
1.0	mM 				5.13241288206433																				mM 	concentration	mouse	Detimary1996_Etc31	Experiment106
10.0	mM 				6.280452605683983																				mM 	concentration	mouse	Detimary1996_Etc31	Experiment106
																													
1.0	mM 				4.581643987895906																				mM 	concentration	mouse	Detimary1996_Etc38	Experiment107
10.0	mM 				6.8068054788326116																				mM 	concentration	mouse	Detimary1996_Etc38	Experiment107
																													
10.0	mM 				6.516605038623349																				mM 	concentration	mouse	Detimary1996_Etc39	Experiment108
																													
2.4	mM 				5.231416128017778																				mM 	concentration	rat	Trus1980_Etc109	Experiment109
																													
2.4	mM 				5.946754346202812																				mM 	concentration	rat	Trus1980_Etc110	Experiment110
14.5	mM 				5.975620681660911																				mM 	concentration	rat	Trus1980_Etc110	Experiment110
																													
2.4	mM 				5.231416128017779																				mM 	concentration	rat	Trus1980_Etc125	Experiment111
																													
2.4	mM 				5.752720631075143																				mM 	concentration	rat	Trus1980_Etc126	Experiment112
8.6	mM 				5.651092415136187																				mM 	concentration	rat	Trus1980_Etc126	Experiment112
																													
0.0	mM 					4.288049064256894																			dimensionless	ratio	rat	Ammon1998_Ess10	Experiment113
2.8	mM 					4.896172386096967																			dimensionless	ratio	rat	Ammon1998_Ess10	Experiment113
8.3	mM 					5.239216311237515																			dimensionless	ratio	rat	Ammon1998_Ess10	Experiment113
11.1	mM 					5.332773745366766																			dimensionless	ratio	rat	Ammon1998_Ess10	Experiment113
16.7	mM 					5.956489972895038																			dimensionless	ratio	rat	Ammon1998_Ess10	Experiment113
28.0	mM 					5.052101442979042																			dimensionless	ratio	rat	Ammon1998_Ess10	Experiment113
																													
0.0	mM 					3.876258337177076																			dimensionless	ratio	rat	Ammon1998_Ess11	Experiment114
2.8	mM 					4.99719759858002																			dimensionless	ratio	rat	Ammon1998_Ess11	Experiment114
8.3	mM 					5.007045057750065																			dimensionless	ratio	rat	Ammon1998_Ess11	Experiment114
11.1	mM 					5.150400190637398																			dimensionless	ratio	rat	Ammon1998_Ess11	Experiment114
16.7	mM 					5.192833787424617																			dimensionless	ratio	rat	Ammon1998_Ess11	Experiment114
28.0	mM 					6.320278340036845																			dimensionless	ratio	rat	Ammon1998_Ess11	Experiment114
																													
0.0	mM 					1.6862996082361632																			dimensionless	ratio	mouse	Detimary1996_Ess33	Experiment115
3.0	mM 					2.696767077762892																			dimensionless	ratio	mouse	Detimary1996_Ess33	Experiment115
6.0	mM 					4.59303395239422																			dimensionless	ratio	mouse	Detimary1996_Ess33	Experiment115
10.0	mM 					5.898767890289148																			dimensionless	ratio	mouse	Detimary1996_Ess33	Experiment115
15.0	mM 					6.554915597774036																			dimensionless	ratio	mouse	Detimary1996_Ess33	Experiment115
20.0	mM 					8.129670095737769																			dimensionless	ratio	mouse	Detimary1996_Ess33	Experiment115
																													
0.0	mM 					1.8085098579410361																			dimensionless	ratio	mouse	Detimary1996_Ess38	Experiment116
3.0	mM 					2.750442075618667																			dimensionless	ratio	mouse	Detimary1996_Ess38	Experiment116
6.0	mM 					3.4663105610536604																			dimensionless	ratio	mouse	Detimary1996_Ess38	Experiment116
10.0	mM 					5.312497707701803																			dimensionless	ratio	mouse	Detimary1996_Ess38	Experiment116
15.0	mM 					6.668880101157543																			dimensionless	ratio	mouse	Detimary1996_Ess38	Experiment116
20.0	mM 					9.004872000998095																			dimensionless	ratio	mouse	Detimary1996_Ess38	Experiment116
																													
1.0	mM 					1.4693076560711091																			dimensionless	ratio	rat	Detimary1998_Ess42	Experiment117
10.0	mM 					6.790928373658143																			dimensionless	ratio	rat	Detimary1998_Ess42	Experiment117
20.0	mM 					6.754140838453895																			dimensionless	ratio	rat	Detimary1998_Ess42	Experiment117
																													
1.0	mM 					1.392323576908746																			dimensionless	ratio	rat	Detimary1998_Ess47	Experiment118
5.0	mM 					3.9290988415352923																			dimensionless	ratio	rat	Detimary1998_Ess47	Experiment118
10.0	mM 					6.835829076989113																			dimensionless	ratio	rat	Detimary1998_Ess47	Experiment118
20.0	mM 					6.742568308049361																			dimensionless	ratio	rat	Detimary1998_Ess47	Experiment118
																													
1.0	mM 					3.273277101176457																			dimensionless	ratio	rat	Detimary1998_Ess48	Experiment119
3.0	mM 					3.9576695264457618																			dimensionless	ratio	rat	Detimary1998_Ess48	Experiment119
5.0	mM 					5.149084235147056																			dimensionless	ratio	rat	Detimary1998_Ess48	Experiment119
10.0	mM 					6.009093654975783																			dimensionless	ratio	rat	Detimary1998_Ess48	Experiment119
20.0	mM 					5.936700763070471																			dimensionless	ratio	rat	Detimary1998_Ess48	Experiment119
																													
0.0	mM 					4.881615388942445																			dimensionless	ratio	rat	Malaisse1977_Ess124	Experiment120
11.1	mM 					4.568943683664339																			dimensionless	ratio	rat	Malaisse1977_Ess124	Experiment120
27.8	mM 					6.295263327469599																			dimensionless	ratio	rat	Malaisse1977_Ess124	Experiment120
																													
0.0	mM 					3.421746021958144																			dimensionless	ratio	rat	Malaisse1987_Ess134	Experiment121
1.4	mM 					4.095668064032261																			dimensionless	ratio	rat	Malaisse1987_Ess134	Experiment121
2.8	mM 					4.219113628581919																			dimensionless	ratio	rat	Malaisse1987_Ess134	Experiment121
4.9	mM 					4.625553141865435																			dimensionless	ratio	rat	Malaisse1987_Ess134	Experiment121
8.3	mM 					5.266107738015491																			dimensionless	ratio	rat	Malaisse1987_Ess134	Experiment121
11.1	mM 					5.66140831594861																			dimensionless	ratio	rat	Malaisse1987_Ess134	Experiment121
16.7	mM 					5.971714868348119																			dimensionless	ratio	rat	Malaisse1987_Ess134	Experiment121
																													
1.0	mM 					3.112946383551889																			dimensionless	ratio	mouse	Detimary1996_Etc32	Experiment122
																													
1.0	mM 					2.66735266802495																			dimensionless	ratio	mouse	Detimary1996_Etc33	Experiment123
10.0	mM 					6.510148884671065																			dimensionless	ratio	mouse	Detimary1996_Etc33	Experiment123
																													
1.0	mM 					2.590833882689721																			dimensionless	ratio	mouse	Detimary1996_Etc40	Experiment124
10.0	mM 					6.565811894487649																			dimensionless	ratio	mouse	Detimary1996_Etc40	Experiment124
																													
10.0	mM 					6.063824874702394																			dimensionless	ratio	mouse	Detimary1996_Etc41	Experiment125
																													
10.0	mM 						0.03251921506331006																		mM 	concentration	cell line	Guay2013_Ess59	Experiment126
																													
10.0	mM 						0.03251921506331006																		mM 	concentration	cell line	Guay2013_Ess65	Experiment127
																													
16.7	mM 						0.05065678563674469																		dimensionless	fold change	cell line	Malmgren2013_Ess139	Experiment128
																													
2.8	mM 						0.018238130949552605																		mM 	concentration	rat	Miwa2000_Ess161	Experiment129
20.0	mM 						0.056686082681042534																		mM 	concentration	rat	Miwa2000_Ess161	Experiment129
																													
2.0	mM 						0.006962017136427987																		dimensionless	fold change	cell line	Huang2014_Etc44	Experiment130
																													
2.0	mM 						0.006885957776460403																		dimensionless	fold change	cell line	Huang2014_Etc45	Experiment131
16.7	mM 						0.0514151513975712																		dimensionless	fold change	cell line	Huang2014_Etc45	Experiment131
																													
2.8	mM 						0.012894759604291041																		mM 	concentration	rat	Taniguchi2000_Etc75	Experiment132
																													
2.8	mM 						0.010832246153002394																		mM 	concentration	rat	Taniguchi2000_Etc76	Experiment133
20.0	mM 						0.059360708918453124																		mM 	concentration	rat	Taniguchi2000_Etc76	Experiment133
																													
0.0	mM 							0.0028044570104112775																	mM	concentration	rat	Meglasson1986_Ess160	Experiment134
5.5	mM 							0.00381711944649531																	mM	concentration	rat	Meglasson1986_Ess160	Experiment134
10.0	mM 							0.0046819329426145105																	mM	concentration	rat	Meglasson1986_Ess160	Experiment134
16.7	mM 							0.0060476758434188935																	mM	concentration	rat	Meglasson1986_Ess160	Experiment134
27.5	mM 							0.005085816620839724																	mM	concentration	rat	Meglasson1986_Ess160	Experiment134
																													
0.0	mM 							0.0010124357698629853																	mM 	concentration	rat	Sener1984_Ess175	Experiment135
1.7	mM 							0.002276368323322444																	mM 	concentration	rat	Sener1984_Ess175	Experiment135
2.8	mM 							0.0031598313836488077																	mM 	concentration	rat	Sener1984_Ess175	Experiment135
5.6	mM 							0.0038369381087164094																	mM 	concentration	rat	Sener1984_Ess175	Experiment135
16.7	mM 							0.005255637913619955																	mM 	concentration	rat	Sener1984_Ess175	Experiment135
																													
1.10526315789474	mM 							0.00048479140612976343																	mM 	concentration	rat	Sener1984_Ess176	Experiment136
2.76315789473684	mM 							0.001446274444142809																	mM 	concentration	rat	Sener1984_Ess176	Experiment136
5.36842105263157	mM 							0.003948307987200516																	mM 	concentration	rat	Sener1984_Ess176	Experiment136
8.21052631578947	mM 							0.005063155603159278																	mM 	concentration	rat	Sener1984_Ess176	Experiment136
20.0526315789473	mM 							0.00601653886692591																	mM 	concentration	rat	Sener1984_Ess176	Experiment136
28.1842105263157	mM 							0.007670087861868138																	mM 	concentration	rat	Sener1984_Ess176	Experiment136
																													
1.4	mM 							0.0005624933418735519																	mM 	concentration	rat	Sener1984_Etc56	Experiment137
20.0	mM 							0.007943984915933495																	mM 	concentration	rat	Sener1984_Etc56	Experiment137
																													
2.8	mM 								0.010871398626847792																mM 	concentration	rat	Miwa2000_Ess162	Experiment138
20.0	mM 								0.016741953885345974																mM 	concentration	rat	Miwa2000_Ess162	Experiment138
																													
2.8	mM 								0.008430486656857639																mM 	concentration	rat	Taniguchi2000_Etc77	Experiment139
																													
2.8	mM 								0.005482633621118431																mM 	concentration	rat	Taniguchi2000_Etc78	Experiment140
20.0	mM 								0.019170047626288222																mM 	concentration	rat	Taniguchi2000_Etc78	Experiment140
																													
16.0	mM 									0.11832586083089534															mM 	concentration	mouse	Matschinsky1968_Ess149	Experiment141
																													
2.8	mM 									0.024857773285209002															mM 	concentration	rat	Miwa2000_Ess163	Experiment142
20.0	mM 									0.14717118752965075															mM 	concentration	rat	Miwa2000_Ess163	Experiment142
																													
2.8	mM 									0.01916089332729145															mM 	concentration	rat	Taniguchi2000_Etc79	Experiment143
																													
2.8	mM 									0.013415184822672607															mM 	concentration	rat	Taniguchi2000_Etc80	Experiment144
20.0	mM 									0.1491149389904763															mM 	concentration	rat	Taniguchi2000_Etc80	Experiment144
																													
2.78	mM 										0.0351970856729769														mM 	concentration	mouse	Ashcroft1973b_Etc19	Experiment145
18.87	mM 										0.05993017290263634														mM 	concentration	mouse	Ashcroft1973b_Etc19	Experiment145
																													
2.78	mM 										0.037249226242230336														mM 	concentration	rat	Ashcroft1973b_Etc21	Experiment146
18.87	mM 										0.05813136822651097														mM 	concentration	rat	Ashcroft1973b_Etc21	Experiment146
																													
4.0	mM 										0.031328922573155824														mM 	concentration	rat	Trus1979_Etc89	Experiment147
																													
4.0	mM 										0.030896063328292603														mM 	concentration	rat	Trus1979_Etc90	Experiment148
16.0	mM 										0.061616080711694485														mM 	concentration	rat	Trus1979_Etc90	Experiment148
																													
2.4	mM 										0.014315707956536326														mM 	concentration	rat	Trus1980_Etc99	Experiment149
																													
2.4	mM 										0.012105166552076508														mM 	concentration	rat	Trus1980_Etc100	Experiment150
14.5	mM 										0.06502647160666722														mM 	concentration	rat	Trus1980_Etc100	Experiment150
																													
2.4	mM 										0.014315707956536325														mM 	concentration	rat	Trus1980_Etc115	Experiment151
																													
2.4	mM 										0.014307999220494343														mM 	concentration	rat	Trus1980_Etc116	Experiment152
8.6	mM 										0.049442282403556165														mM 	concentration	rat	Trus1980_Etc116	Experiment152
																													
0.0	mM 											0.13214003049224074													mM 	concentration	rat	Akhtar1977_Ess0	Experiment153
5.55	mM 											0.16106434602313202													mM 	concentration	rat	Akhtar1977_Ess0	Experiment153
11.1	mM 											0.19523303448523724													mM 	concentration	rat	Akhtar1977_Ess0	Experiment153
16.65	mM 											0.232897108509988													mM 	concentration	rat	Akhtar1977_Ess0	Experiment153
22.2	mM 											0.27405592080376157													mM 	concentration	rat	Akhtar1977_Ess0	Experiment153
27.75	mM 											0.3191438053873981													mM 	concentration	rat	Akhtar1977_Ess0	Experiment153
																													
0.0	mM 											0.11601607593888205													mM 	concentration	rat	Akhtar1977_Ess1	Experiment154
5.55	mM 											0.1394161087625942													mM 	concentration	rat	Akhtar1977_Ess1	Experiment154
11.1	mM 											0.19961732340700333													mM 	concentration	rat	Akhtar1977_Ess1	Experiment154
16.65	mM 											0.271902641801312													mM 	concentration	rat	Akhtar1977_Ess1	Experiment154
22.2	mM 											0.2826684796875867													mM 	concentration	rat	Akhtar1977_Ess1	Experiment154
27.75	mM 											0.2934343175738614													mM 	concentration	rat	Akhtar1977_Ess1	Experiment154
																													
0.0	mM 											0.017112505007246984													mM 	concentration	mouse	Ashcroft1970_Ess21	Experiment155
1.08	mM 											0.029091258512319938													mM 	concentration	mouse	Ashcroft1970_Ess21	Experiment155
1.46	mM 											0.031658134263407													mM 	concentration	mouse	Ashcroft1970_Ess21	Experiment155
2.26	mM 											0.039358761516668166													mM 	concentration	mouse	Ashcroft1970_Ess21	Experiment155
3.07	mM 											0.04449251301884223													mM 	concentration	mouse	Ashcroft1970_Ess21	Experiment155
4.09	mM 											0.05647126652391504													mM 	concentration	mouse	Ashcroft1970_Ess21	Experiment155
4.85	mM 											0.07101689578007507													mM 	concentration	mouse	Ashcroft1970_Ess21	Experiment155
5.28	mM 											0.10096377954275729													mM 	concentration	mouse	Ashcroft1970_Ess21	Experiment155
6.79	mM 											0.12406566130254108													mM 	concentration	mouse	Ashcroft1970_Ess21	Experiment155
7.39	mM 											0.15572379556594798													mM 	concentration	mouse	Ashcroft1970_Ess21	Experiment155
9.66	mM 											0.20962818633877614													mM 	concentration	mouse	Ashcroft1970_Ess21	Experiment155
11.38	mM 											0.22674069134602337													mM 	concentration	mouse	Ashcroft1970_Ess21	Experiment155
13.54	mM 											0.26182132661087965													mM 	concentration	mouse	Ashcroft1970_Ess21	Experiment155
16.01	mM 											0.28235633261957627													mM 	concentration	mouse	Ashcroft1970_Ess21	Experiment155
18.16	mM 											0.2960463366253738													mM 	concentration	mouse	Ashcroft1970_Ess21	Experiment155
																													
0.0	mM 											0.09033328315441846													mM 	concentration	rat	Giriox1984_Ess51	Experiment156
2.8	mM 											0.15572379409455703													mM 	concentration	rat	Giriox1984_Ess51	Experiment156
5.6	mM 											0.1611168259246718													mM 	concentration	rat	Giriox1984_Ess51	Experiment156
8.3	mM 											0.1954974038416518													mM 	concentration	rat	Giriox1984_Ess51	Experiment156
11.1	mM 											0.22381082094975305													mM 	concentration	rat	Giriox1984_Ess51	Experiment156
16.7	mM 											0.2399899164400968													mM 	concentration	rat	Giriox1984_Ess51	Experiment156
27.8	mM 											0.2709998494632554													mM 	concentration	rat	Giriox1984_Ess51	Experiment156
																													
2.8	mM 											0.1474683882909241													mM 	concentration	rat	Liu1998_Ess86	Experiment157
8.3	mM 											0.18996356707801718													mM 	concentration	rat	Liu1998_Ess86	Experiment157
27.7	mM 											0.3060664662641821													mM 	concentration	rat	Liu1998_Ess86	Experiment157
																													
5.5	mM 											0.19809895488078832													mM 	concentration	rat	Liu2004_Ess93	Experiment158
16.7	mM 											0.2048780065687241													mM 	concentration	rat	Liu2004_Ess93	Experiment158
																													
16.7	mM 											0.26043376193451556													dimensionless	fold change	cell line	Malmgren2013_Ess140	Experiment159
																													
3.96266362280685	mM 											0.10573149475357115													mM 	concentration	mouse	Matschinsky1968_Ess146	Experiment160
5.53123331553656	mM 											0.10558289110669239													mM 	concentration	mouse	Matschinsky1968_Ess146	Experiment160
6.47384796656663	mM 											0.10928312191395015													mM 	concentration	mouse	Matschinsky1968_Ess146	Experiment160
10.9115010033691	mM 											0.22633821455961106													mM 	concentration	mouse	Matschinsky1968_Ess146	Experiment160
15.9132499953973	mM 											0.18038996694498874													mM 	concentration	mouse	Matschinsky1968_Ess146	Experiment160
18.0009941638897	mM 											0.3052467510517349													mM 	concentration	mouse	Matschinsky1968_Ess146	Experiment160
22.0645470110646	mM 											0.26696645161600796													mM 	concentration	mouse	Matschinsky1968_Ess146	Experiment160
26.0581401771084	mM 											0.4522751992726535													mM 	concentration	mouse	Matschinsky1968_Ess146	Experiment160
																													
16.0	mM 											0.25408006094197033													mM 	concentration	mouse	Matschinsky1968_Ess150	Experiment161
																													
2.8	mM 											0.09220774402266088													mM 	concentration	rat	Miwa2000_Ess164	Experiment162
20.0	mM 											0.31604028294790437													mM 	concentration	rat	Miwa2000_Ess164	Experiment162
																													
16.7	mM 											0.26043376193451556													dimensionless	fold change	cell line	Spegel2015_Ess179	Experiment163
																													
2.78	mM 											0.09734669889403987													mM 	concentration	mouse	Ashcroft1973b_Etc20	Experiment164
18.87	mM 											0.3017747665715236													mM 	concentration	mouse	Ashcroft1973b_Etc20	Experiment164
																													
2.78	mM 											0.1261247168695038													mM 	concentration	rat	Ashcroft1973b_Etc22	Experiment165
18.87	mM 											0.2774743771129084													mM 	concentration	rat	Ashcroft1973b_Etc22	Experiment165
																													
2.0	mM 											0.10936113755727518													dimensionless	fold change	cell line	Huang2014_Etc46	Experiment166
																													
2.0	mM 											0.09305518457721622													dimensionless	fold change	cell line	Huang2014_Etc47	Experiment167
16.7	mM 											0.27596436707359484													dimensionless	fold change	cell line	Huang2014_Etc47	Experiment167
																													
2.8	mM 											0.13203481444538115													dimensionless	fold change	cell line	Spegel2015_Etc65	Experiment168
16.7	mM 											0.2489115535163672													dimensionless	fold change	cell line	Spegel2015_Etc65	Experiment168
																													
2.8	mM 											0.126959334282613													dimensionless	fold change	cell line	Spegel2015_Etc68	Experiment169
16.7	mM 											0.2539186685652171													dimensionless	fold change	cell line	Spegel2015_Etc68	Experiment169
																													
2.8	mM 											0.11394816492889133													mM 	concentration	rat	Taniguchi2000_Etc81	Experiment170
																													
2.8	mM 											0.0803281716592827													mM 	concentration	rat	Taniguchi2000_Etc82	Experiment171
20.0	mM 											0.32378432268818563													mM 	concentration	rat	Taniguchi2000_Etc82	Experiment171
																													
4.0	mM 											0.12347691175123496													mM 	concentration	rat	Trus1979_Etc91	Experiment172
																													
4.0	mM 											0.09584578018939381													mM 	concentration	rat	Trus1979_Etc92	Experiment173
16.0	mM 											0.2889402029128186													mM 	concentration	rat	Trus1979_Etc92	Experiment173
																													
2.4	mM 											0.10620287029439009													mM 	concentration	rat	Trus1980_Etc101	Experiment174
																													
2.4	mM 											0.0821910400351113													mM 	concentration	rat	Trus1980_Etc102	Experiment175
14.5	mM 											0.2742413910082409													mM 	concentration	rat	Trus1980_Etc102	Experiment175
																													
2.4	mM 											0.1062028702943901													mM 	concentration	rat	Trus1980_Etc117	Experiment176
																													
2.4	mM 											0.08726461108516041													mM 	concentration	rat	Trus1980_Etc118	Experiment177
8.6	mM 											0.1982893885548945													mM 	concentration	rat	Trus1980_Etc118	Experiment177
																													
16.7	mM 												18.226962289099003												dimensionless	fold change	cell line	Malmgren2013_Ess141	Experiment178
																													
0.62646525679758	mM 												0.7994330700127188												mM 	concentration	mouse	Matschinsky1968_Ess145	Experiment179
1.40954682779456	mM 												1.7987244075286097												mM 	concentration	mouse	Matschinsky1968_Ess145	Experiment179
2.03601208459214	mM 												2.598157477541329												mM 	concentration	mouse	Matschinsky1968_Ess145	Experiment179
3.75096079938507	mM 												3.190262483960177												mM 	concentration	mouse	Matschinsky1968_Ess145	Experiment179
5.16333589546502	mM 												5.569155326566976												mM 	concentration	mouse	Matschinsky1968_Ess145	Experiment179
6.56033820138354	mM 												4.794596406182419												mM 	concentration	mouse	Matschinsky1968_Ess145	Experiment179
10.6245196003074	mM 												8.382107920597234												mM 	concentration	mouse	Matschinsky1968_Ess145	Experiment179
16.7428900845503	mM 												18.29646210151952												mM 	concentration	mouse	Matschinsky1968_Ess145	Experiment179
17.8583781706379	mM 												23.628648411850055												mM 	concentration	mouse	Matschinsky1968_Ess145	Experiment179
21.9158339738662	mM 												25.836524779956086												mM 	concentration	mouse	Matschinsky1968_Ess145	Experiment179
25.0211375864719	mM 												24.29047449926775												mM 	concentration	mouse	Matschinsky1968_Ess145	Experiment179
25.8368562644119	mM 												31.98468207176101												mM 	concentration	mouse	Matschinsky1968_Ess145	Experiment179
25.9021906225979	mM 												45.386852064474404												mM 	concentration	mouse	Matschinsky1968_Ess145	Experiment179
30.8954650269023	mM 												47.9981125831966												mM 	concentration	mouse	Matschinsky1968_Ess145	Experiment179
																													
16.0	mM 												17.092679261401045												mM 	concentration	mouse	Matschinsky1968_Ess151	Experiment180
																													
20.0	mM 												24.79400265752527												mM 	concentration	rat	Matschinsky1976_Ess155	Experiment181
																													
10.0	mM 												7.830839440103066												mM 	concentration	rat	Matschinsky1976_Ess157	Experiment182
																													
2.8	mM 													0.0035693796939330587											mM 	concentration	rat	Miwa2000_Ess165	Experiment183
20.0	mM 													0.014991394714520477											mM 	concentration	rat	Miwa2000_Ess165	Experiment183
																													
2.8	mM 													0.0030569454833469637											mM 	concentration	rat	Taniguchi2000_Etc83	Experiment184
																													
2.8	mM 													0.0025334422335874488											mM 	concentration	rat	Taniguchi2000_Etc84	Experiment185
20.0	mM 													0.015200653401524693											mM 	concentration	rat	Taniguchi2000_Etc84	Experiment185
																													
1.0	mM 														1.200338645174587										mM 	concentration	cell line	Guay2013_Ess60	Experiment186
10.0	mM 														1.2883215825172267										mM 	concentration	cell line	Guay2013_Ess60	Experiment186
																													
1.0	mM 														1.0583016947254476										mM 	concentration	cell line	Guay2013_Ess66	Experiment187
10.0	mM 														1.499260734194384										mM 	concentration	cell line	Guay2013_Ess66	Experiment187
																													
3.0	mM 														1.5407152524710066										mM 	concentration	rat	Hedeskov1987_Ess70	Experiment188
20.0	mM 														1.5961366644303954										mM 	concentration	rat	Hedeskov1987_Ess70	Experiment188
																													
3.0	mM 														0.2129601162619314										dimensionless	fold change	cell line	Malinowski2020_Ess136	Experiment189
7.0	mM 														1.595998436373723										dimensionless	fold change	cell line	Malinowski2020_Ess136	Experiment189
11.7	mM 														1.7271000404428876										dimensionless	fold change	cell line	Malinowski2020_Ess136	Experiment189
17.0	mM 														1.7868192878955864										dimensionless	fold change	cell line	Malinowski2020_Ess136	Experiment189
35.0	mM 														2.738859278396276										dimensionless	fold change	cell line	Malinowski2020_Ess136	Experiment189
																													
16.7	mM 														2.104830920358944										dimensionless	fold change	cell line	Malmgren2013_Ess142	Experiment190
																													
16.7	mM 														2.104830920358944										dimensionless	fold change	cell line	Spegel2015_Ess180	Experiment191
																													
2.0	mM 														1.0653012121190946										dimensionless	fold change	cell line	Huang2014_Etc48	Experiment192
																													
2.0	mM 														0.768060128088166										dimensionless	fold change	cell line	Huang2014_Etc49	Experiment193
16.7	mM 														2.2649936430355164										dimensionless	fold change	cell line	Huang2014_Etc49	Experiment193
																													
2.8	mM 														0.9355435824154482										dimensionless	fold change	cell line	Spegel2013_Etc57	Experiment194
16.7	mM 														2.1567920911972807										dimensionless	fold change	cell line	Spegel2013_Etc57	Experiment194
																													
2.8	mM 														1.097569823995113										dimensionless	fold change	cell line	Spegel2015_Etc66	Experiment195
16.7	mM 														2.0193958393142606										dimensionless	fold change	cell line	Spegel2015_Etc66	Experiment195
																													
2.8	mM 														0.46263251028229946										dimensionless	fold change	cell line	Spegel2015_Etc69	Experiment196
16.7	mM 														2.379252910023442										dimensionless	fold change	cell line	Spegel2015_Etc69	Experiment196
																													
1.67	mM 															0.5924635617553297									mM 	concentration	rat	Ammon1979_Ess4	Experiment197
11.1	mM 															0.8711841043545122									mM 	concentration	rat	Ammon1979_Ess4	Experiment197
																													
8.3	mM 															0.7766671686557212									mM 	concentration	rat	Ammon1998_Ess12	Experiment198
11.1	mM 															0.8150495477092682									mM 	concentration	rat	Ammon1998_Ess12	Experiment198
16.7	mM 															0.8068891456787493									mM 	concentration	rat	Ammon1998_Ess12	Experiment198
28.0	mM 															0.9070149113255435									mM 	concentration	rat	Ammon1998_Ess12	Experiment198
																													
2.8	mM 															0.7605313600966718									mM 	concentration	rat	Ammon1998_Ess16	Experiment199
8.3	mM 															0.8394012789215124									mM 	concentration	rat	Ammon1998_Ess16	Experiment199
11.1	mM 															0.7818264936698838									mM 	concentration	rat	Ammon1998_Ess16	Experiment199
16.7	mM 															0.816424203381148									mM 	concentration	rat	Ammon1998_Ess16	Experiment199
28.0	mM 															0.8279809335327991									mM 	concentration	rat	Ammon1998_Ess16	Experiment199
																													
0.0	mM 															0.5752367366675536									mM 	concentration	rat	Malaisse1977_Ess115	Experiment200
11.1	mM 															0.8693497133185448									mM 	concentration	rat	Malaisse1977_Ess115	Experiment200
27.8	mM 															0.8480102859905548									mM 	concentration	rat	Malaisse1977_Ess115	Experiment200
																													
0.0	mM 															0.6461802591811255									mM 	concentration	rat	Sener1978_Ess171	Experiment201
16.7	mM 															0.8389391161571902									mM 	concentration	rat	Sener1978_Ess171	Experiment201
																													
1.67	mM 															0.5924635617553297									mM 	concentration	rat	Ammon1979_Etc12	Experiment202
11.1	mM 															0.8711841043545122									mM 	concentration	rat	Ammon1979_Etc12	Experiment202
																													
1.67	mM 																0.1514024903304526								mM 	concentration	rat	Ammon1979_Ess5	Experiment203
11.1	mM 																0.2586459209811899								mM 	concentration	rat	Ammon1979_Ess5	Experiment203
																													
8.3	mM 																0.21512179473122625								mM 	concentration	rat	Ammon1998_Ess13	Experiment204
11.1	mM 																0.2374660626097322								mM 	concentration	rat	Ammon1998_Ess13	Experiment204
16.7	mM 																0.3201599714631004								mM 	concentration	rat	Ammon1998_Ess13	Experiment204
																													
2.8	mM 																0.20612525959364233								mM 	concentration	rat	Ammon1998_Ess17	Experiment205
8.3	mM 																0.22750121244038984								mM 	concentration	rat	Ammon1998_Ess17	Experiment205
11.1	mM 																0.23420176622389458								mM 	concentration	rat	Ammon1998_Ess17	Experiment205
16.7	mM 																0.2841621208564639								mM 	concentration	rat	Ammon1998_Ess17	Experiment205
28.0	mM 																0.3354278852654356								mM 	concentration	rat	Ammon1998_Ess17	Experiment205
																													
0.0	mM 																0.0794594528725391								mM 	concentration	rat	Malaisse1977_Ess116	Experiment206
11.1	mM 																0.30837835281485415								mM 	concentration	rat	Malaisse1977_Ess116	Experiment206
27.8	mM 																0.2572972759682219								mM 	concentration	rat	Malaisse1977_Ess116	Experiment206
																													
0.0	mM 																0.16158131563863112								mM 	concentration	rat	Sener1978_Ess172	Experiment207
16.7	mM 																0.2839914032436547								mM 	concentration	rat	Sener1978_Ess172	Experiment207
																													
1.67	mM 																0.1514024903304526								mM 	concentration	rat	Ammon1979_Etc13	Experiment208
11.1	mM 																0.2586459209811899								mM 	concentration	rat	Ammon1979_Etc13	Experiment208
																													
4.0	mM 																0.1776365790311916								mM 	concentration	rat	Trus1979_Etc93	Experiment209
																													
4.0	mM 																0.12434924308226097								mM 	concentration	rat	Trus1979_Etc94	Experiment210
16.0	mM 																0.3323709584184253								mM 	concentration	rat	Trus1979_Etc94	Experiment210
																													
2.4	mM 																0.1611706911458118								mM 	concentration	rat	Trus1980_Etc113	Experiment211
																													
2.4	mM 																0.17126740798024143								mM 	concentration	rat	Trus1980_Etc114	Experiment212
14.5	mM 																0.2817647698053564								mM 	concentration	rat	Trus1980_Etc114	Experiment212
																													
2.4	mM 																0.1611706911458118								mM 	concentration	rat	Trus1980_Etc129	Experiment213
																													
2.4	mM 																0.15650977090294552								mM 	concentration	rat	Trus1980_Etc130	Experiment214
8.6	mM 																0.2351581259277156								mM 	concentration	rat	Trus1980_Etc130	Experiment214
																													
1.67	mM 																	0.7579160990892998							mM 	concentration	rat	Ammon1979_Ess6	Experiment215
11.1	mM 																	1.133535311193028							mM 	concentration	rat	Ammon1979_Ess6	Experiment215
																													
2.8	mM 																	1.0025059745095437							mM 	concentration	rat	Ammon1998_Ess14	Experiment216
8.3	mM 																	0.957900836518822							mM 	concentration	rat	Ammon1998_Ess14	Experiment216
11.1	mM 																	1.0196402655261507							mM 	concentration	rat	Ammon1998_Ess14	Experiment216
16.7	mM 																	1.1140221517094178							mM 	concentration	rat	Ammon1998_Ess14	Experiment216
28.0	mM 																	1.1896769442494868							mM 	concentration	rat	Ammon1998_Ess14	Experiment216
																													
2.8	mM 																	0.9642388863462642							mM 	concentration	rat	Ammon1998_Ess18	Experiment217
8.3	mM 																	1.0642340301155064							mM 	concentration	rat	Ammon1998_Ess18	Experiment217
11.1	mM 																	1.0142364582308854							mM 	concentration	rat	Ammon1998_Ess18	Experiment217
16.7	mM 																	1.0999465814616616							mM 	concentration	rat	Ammon1998_Ess18	Experiment217
28.0	mM 																	1.1642291738847488							mM 	concentration	rat	Ammon1998_Ess18	Experiment217
																													
0.0	mM 																	0.7038672924745533							mM 	concentration	rat	Malaisse1977_Ess117	Experiment218
11.1	mM 																	1.1695680086435176							mM 	concentration	rat	Malaisse1977_Ess117	Experiment218
27.8	mM 																	1.1164058264324486							mM 	concentration	rat	Malaisse1977_Ess117	Experiment218
																													
0.0	mM 																	0.8277021881444359							mM 	concentration	rat	Sener1978_Ess173	Experiment219
16.7	mM 																	1.1128556858893182							mM 	concentration	rat	Sener1978_Ess173	Experiment219
																													
1.67	mM 																	0.7579160990892998							mM 	concentration	rat	Ammon1979_Etc14	Experiment220
11.1	mM 																	1.133535311193028							mM 	concentration	rat	Ammon1979_Etc14	Experiment220
																													
1.67	mM 																		0.2829058164961506						dimensionless	ratio	rat	Ammon1979_Ess7	Experiment221
11.1	mM 																		0.3300567859121757						dimensionless	ratio	rat	Ammon1979_Ess7	Experiment221
																													
2.8	mM 																		0.21774165168907453						dimensionless	ratio	rat	Ammon1998_Ess15	Experiment222
8.3	mM 																		0.34570881682465326						dimensionless	ratio	rat	Ammon1998_Ess15	Experiment222
11.1	mM 																		0.36364576223002515						dimensionless	ratio	rat	Ammon1998_Ess15	Experiment222
16.7	mM 																		0.4952382149134791						dimensionless	ratio	rat	Ammon1998_Ess15	Experiment222
28.0	mM 																		0.42519087765763464						dimensionless	ratio	rat	Ammon1998_Ess15	Experiment222
																													
2.8	mM 																		0.31548428926755595						dimensionless	ratio	rat	Ammon1998_Ess19	Experiment223
8.3	mM 																		0.31548428926755484						dimensionless	ratio	rat	Ammon1998_Ess19	Experiment223
11.1	mM 																		0.3486931618220347						dimensionless	ratio	rat	Ammon1998_Ess19	Experiment223
16.7	mM 																		0.40514824516465						dimensionless	ratio	rat	Ammon1998_Ess19	Experiment223
28.0	mM 																		0.47156599027360857						dimensionless	ratio	rat	Ammon1998_Ess19	Experiment223
																													
1.0	mM 																		0.07829376321007787						dimensionless	ratio	cell line	Guay2013_Ess61	Experiment224
10.0	mM 																		0.437587060133038						dimensionless	ratio	cell line	Guay2013_Ess61	Experiment224
																													
1.0	mM 																		0.09999336895063386						mM 	ratio	cell line	Guay2013_Ess67	Experiment225
10.0	mM 																		0.4324713207114914						mM 	ratio	cell line	Guay2013_Ess67	Experiment225
																													
3.0	mM 																		0.3660860003393818						dimensionless	ratio	rat	Hedeskov1987_Ess74	Experiment226
20.0	mM 																		0.3699805322578859						dimensionless	ratio	rat	Hedeskov1987_Ess74	Experiment226
																													
0.0	mM 																		0.16106162365564022						dimensionless	ratio	rat	Malaisse1977_Ess118	Experiment227
11.1	mM 																		0.4385831905699741						dimensionless	ratio	rat	Malaisse1977_Ess118	Experiment227
27.8	mM 																		0.3667249277082269						dimensionless	ratio	rat	Malaisse1977_Ess118	Experiment227
																													
1.67	mM 																		0.2829058164961506						dimensionless	concentration	rat	Ammon1979_Etc15	Experiment228
11.1	mM 																		0.3300567859121757						dimensionless	concentration	rat	Ammon1979_Etc15	Experiment228
																													
2.0	mM 																			0.5629201625722572					mM 	concentration	rat	Ewart1983_Ess50	Experiment229
20.0	mM 																			0.760232384504801					mM 	concentration	rat	Ewart1983_Ess50	Experiment229
																													
0.0	mM 																			0.48252090297056044					mM 	concentration	rat	Sugden1977_Ess185	Experiment230
2.8	mM 																			0.5403982472642912					mM 	concentration	rat	Sugden1977_Ess185	Experiment230
16.7	mM 																			0.7480017648396302					mM 	concentration	rat	Sugden1977_Ess185	Experiment230
																													
2.8	mM 																			0.41511577187914817					dimensionless	fold change	cell line	Spegel2013_Etc58	Experiment231
16.7	mM 																			0.8152273592325411					dimensionless	fold change	cell line	Spegel2013_Etc58	Experiment231
																													
2.8	mM 																			0.16675820634499824					dimensionless	fold change	cell line	Spegel2015_Etc70	Experiment232
16.7	mM 																			0.8576136326314123					dimensionless	fold change	cell line	Spegel2015_Etc70	Experiment232
																													
2.8	mM 																				0.16211993933401964				dimensionless	fold change	cell line	Spegel2013_Etc60	Experiment233
16.7	mM 																				0.39455696078881813				dimensionless	fold change	cell line	Spegel2013_Etc60	Experiment233
																													
2.8	mM 																				0.11880890411630508				dimensionless	fold change	cell line	Spegel2015_Etc71	Experiment234
16.7	mM 																				0.4096858762631203				dimensionless	fold change	cell line	Spegel2015_Etc71	Experiment234
																													
16.7	mM 																					1.373624895526258			dimensionless	fold change	cell line	Malmgren2013_Ess143	Experiment235
																													
16.7	mM 																					1.3736248955262582			dimensionless	fold change	cell line	Spegel2015_Ess181	Experiment236
																													
2.0	mM 																					0.8415039783243898			dimensionless	fold change	cell line	Huang2014_Etc52	Experiment237
																													
2.0	mM 																					0.8095508900008593			dimensionless	fold change	cell line	Huang2014_Etc53	Experiment238
16.7	mM 																					1.2742947253424834			dimensionless	fold change	cell line	Huang2014_Etc53	Experiment238
																													
2.8	mM 																					0.2522768226020064			dimensionless	fold change	cell line	Spegel2013_Etc61	Experiment239
16.7	mM 																					1.412448078639976			dimensionless	fold change	cell line	Spegel2013_Etc61	Experiment239
																													
2.8	mM 																					0.6448303152690131			dimensionless	fold change	cell line	Spegel2015_Etc67	Experiment240
16.7	mM 																					1.285764374856641			dimensionless	fold change	cell line	Spegel2015_Etc67	Experiment240
																													
2.8	mM 																					0.11834655978782363			dimensionless	fold change	cell line	Spegel2015_Etc72	Experiment241
16.7	mM 																					1.4032520660557315			dimensionless	fold change	cell line	Spegel2015_Etc72	Experiment241
																													
4.0	mM 																						9.623627254104822		mM 	concentration	rat	Trus1979_Etc95	Experiment242
																													
4.0	mM 																						8.860148290045974		mM 	concentration	rat	Trus1979_Etc96	Experiment243
16.0	mM 																						8.407353913764698		mM 	concentration	rat	Trus1979_Etc96	Experiment243
																													
2.4	mM 																						10.686104893071143		mM 	concentration	rat	Trus1980_Etc111	Experiment244
																													
2.4	mM 																						10.810560608295528		mM 	concentration	rat	Trus1980_Etc112	Experiment245
14.5	mM 																						6.506993487158762		mM 	concentration	rat	Trus1980_Etc112	Experiment245
																													
2.4	mM 																						10.68610489307114		mM 	concentration	rat	Trus1980_Etc127	Experiment246
																													
2.4	mM 																						10.894411892747401		mM 	concentration	rat	Trus1980_Etc128	Experiment247
8.6	mM 																						7.6750063030728235		mM 	concentration	rat	Trus1980_Etc128	Experiment247
																													
2.0	mM 																							0.5479265523945699	mM	concentration	rat	Ashcroft1979_Ess28	Experiment248
20.0	mM 																							0.6910416966767335	mM	concentration	rat	Ashcroft1979_Ess28	Experiment248
																													
10.0	mM 																							0.5963544955005057	mM 	concentration	cell line	Guay2013_Ess62	Experiment249
																													
10.0	mM 																							0.5963544955005057	mM 	concentration	cell line	Guay2013_Ess68	Experiment250
																													
3.0	mM 																							0.5952233623786601	mM 	concentration	rat	Hedeskov1987_Ess76	Experiment251
7.0	mM 																							0.5824228599619148	mM 	concentration	rat	Hedeskov1987_Ess76	Experiment251
20.0	mM 																							0.6912271305042504	mM 	concentration	rat	Hedeskov1987_Ess76	Experiment251
																													
5.5	mM 																							0.5813322879698594	mM 	concentration	rat	Liu2004_Ess94	Experiment252
16.7	mM 																							0.6894871322433178	mM 	concentration	rat	Liu2004_Ess94	Experiment252
																													
5.5	mM 																							0.6018159017571085	mM 	concentration	rat	Liu2004_Ess102	Experiment253
16.7	mM 																							0.6582361425468376	mM 	concentration	rat	Liu2004_Ess102	Experiment253
																													
5.5	mM 																							0.46518106925143465	mM 	concentration	rat	Liu2004_Ess106	Experiment254
16.7	mM 																							0.819604741062053	mM 	concentration	rat	Liu2004_Ess106	Experiment254
																													
3.0	mM 																							0.0	dimensionless	fold change	cell line	Malinowski2020_Ess138	Experiment255
7.0	mM 																							0.028570344811629223	dimensionless	fold change	cell line	Malinowski2020_Ess138	Experiment255
11.7	mM 																							0.24760965503412166	dimensionless	fold change	cell line	Malinowski2020_Ess138	Experiment255
17.0	mM 																							0.9404405167161377	dimensionless	fold change	cell line	Malinowski2020_Ess138	Experiment255
35.0	mM 																							1.3904234474992996	dimensionless	fold change	cell line	Malinowski2020_Ess138	Experiment255
																													
16.7	mM 																							0.825751078402544	dimensionless	fold change	cell line	Malmgren2013_Ess144	Experiment256
																													
16.7	mM 																							0.8257510784025439	dimensionless	fold change	cell line	Spegel2015_Ess182	Experiment257
																													
2.0	mM 																							0.4372201071420351	dimensionless	fold change	cell line	Huang2014_Etc50	Experiment258
																													
2.0	mM 																							0.2581458539843148	dimensionless	fold change	cell line	Huang2014_Etc51	Experiment259
16.7	mM 																							0.9067849902989584	dimensionless	fold change	cell line	Huang2014_Etc51	Experiment259
																													
2.8	mM 																							0.316641978405631	dimensionless	fold change	cell line	Spegel2013_Etc59	Experiment260
16.7	mM 																							0.8721874854286856	dimensionless	fold change	cell line	Spegel2013_Etc59	Experiment260
																													
